date,age_group,hospital_cases
2020-02-27T00:00:00Z,Under 35,0
2020-02-27T00:00:00Z,35 to 54,0
2020-02-27T00:00:00Z,55 to 64,0
2020-02-27T00:00:00Z,65 and older,0
2020-03-01T00:00:00Z,Under 35,0
2020-03-01T00:00:00Z,35 to 54,0
2020-03-01T00:00:00Z,55 to 64,0
2020-03-01T00:00:00Z,65 and older,0
2020-03-02T00:00:00Z,Under 35,0
2020-03-02T00:00:00Z,35 to 54,0
2020-03-02T00:00:00Z,55 to 64,0
2020-03-02T00:00:00Z,65 and older,0
2020-03-03T00:00:00Z,Under 35,0
2020-03-03T00:00:00Z,35 to 54,0
2020-03-03T00:00:00Z,55 to 64,0
2020-03-03T00:00:00Z,65 and older,0
2020-03-04T00:00:00Z,Under 35,0
2020-03-04T00:00:00Z,35 to 54,0
2020-03-04T00:00:00Z,55 to 64,0
2020-03-04T00:00:00Z,65 and older,0
2020-03-05T00:00:00Z,Under 35,0
2020-03-05T00:00:00Z,35 to 54,0
2020-03-05T00:00:00Z,55 to 64,0
2020-03-05T00:00:00Z,65 and older,0
2020-03-06T00:00:00Z,Under 35,0
2020-03-06T00:00:00Z,35 to 54,0
2020-03-06T00:00:00Z,55 to 64,0
2020-03-06T00:00:00Z,65 and older,0
2020-03-07T00:00:00Z,Under 35,0
2020-03-07T00:00:00Z,35 to 54,0
2020-03-07T00:00:00Z,55 to 64,0
2020-03-07T00:00:00Z,65 and older,0
2020-03-08T00:00:00Z,Under 35,0
2020-03-08T00:00:00Z,35 to 54,0
2020-03-08T00:00:00Z,55 to 64,0
2020-03-08T00:00:00Z,65 and older,0
2020-03-09T00:00:00Z,Under 35,0
2020-03-09T00:00:00Z,35 to 54,0
2020-03-09T00:00:00Z,55 to 64,0
2020-03-09T00:00:00Z,65 and older,0
2020-03-10T00:00:00Z,Under 35,0
2020-03-10T00:00:00Z,35 to 54,0
2020-03-10T00:00:00Z,55 to 64,0
2020-03-10T00:00:00Z,65 and older,0
2020-03-11T00:00:00Z,Under 35,0
2020-03-11T00:00:00Z,35 to 54,0
2020-03-11T00:00:00Z,55 to 64,0
2020-03-11T00:00:00Z,65 and older,0
2020-03-12T00:00:00Z,Under 35,0
2020-03-12T00:00:00Z,35 to 54,0
2020-03-12T00:00:00Z,55 to 64,0
2020-03-12T00:00:00Z,65 and older,0
2020-03-13T00:00:00Z,Under 35,0
2020-03-13T00:00:00Z,35 to 54,0
2020-03-13T00:00:00Z,55 to 64,0
2020-03-13T00:00:00Z,65 and older,0
2020-03-14T00:00:00Z,Under 35,0
2020-03-14T00:00:00Z,35 to 54,0
2020-03-14T00:00:00Z,55 to 64,0
2020-03-14T00:00:00Z,65 and older,0
2020-03-15T00:00:00Z,Under 35,0
2020-03-15T00:00:00Z,35 to 54,0
2020-03-15T00:00:00Z,55 to 64,0
2020-03-15T00:00:00Z,65 and older,0
2020-03-16T00:00:00Z,Under 35,0
2020-03-16T00:00:00Z,35 to 54,0
2020-03-16T00:00:00Z,55 to 64,0
2020-03-16T00:00:00Z,65 and older,0
2020-03-17T00:00:00Z,Under 35,0
2020-03-17T00:00:00Z,35 to 54,0
2020-03-17T00:00:00Z,55 to 64,0
2020-03-17T00:00:00Z,65 and older,0
2020-03-18T00:00:00Z,Under 35,28
2020-03-18T00:00:00Z,35 to 54,26
2020-03-18T00:00:00Z,55 to 64,23
2020-03-18T00:00:00Z,65 and older,31
2020-03-19T00:00:00Z,Under 35,36
2020-03-19T00:00:00Z,35 to 54,46
2020-03-19T00:00:00Z,55 to 64,31
2020-03-19T00:00:00Z,65 and older,60
2020-03-20T00:00:00Z,Under 35,44
2020-03-20T00:00:00Z,35 to 54,62
2020-03-20T00:00:00Z,55 to 64,34
2020-03-20T00:00:00Z,65 and older,71
2020-03-21T00:00:00Z,Under 35,49
2020-03-21T00:00:00Z,35 to 54,68
2020-03-21T00:00:00Z,55 to 64,37
2020-03-21T00:00:00Z,65 and older,85
2020-03-22T00:00:00Z,Under 35,55
2020-03-22T00:00:00Z,35 to 54,78
2020-03-22T00:00:00Z,55 to 64,43
2020-03-22T00:00:00Z,65 and older,101
2020-03-23T00:00:00Z,Under 35,57
2020-03-23T00:00:00Z,35 to 54,84
2020-03-23T00:00:00Z,55 to 64,50
2020-03-23T00:00:00Z,65 and older,114
2020-03-24T00:00:00Z,Under 35,58
2020-03-24T00:00:00Z,35 to 54,93
2020-03-24T00:00:00Z,55 to 64,56
2020-03-24T00:00:00Z,65 and older,133
2020-03-25T00:00:00Z,Under 35,68
2020-03-25T00:00:00Z,35 to 54,110
2020-03-25T00:00:00Z,55 to 64,71
2020-03-25T00:00:00Z,65 and older,169
2020-03-26T00:00:00Z,Under 35,72
2020-03-26T00:00:00Z,35 to 54,130
2020-03-26T00:00:00Z,55 to 64,76
2020-03-26T00:00:00Z,65 and older,210
2020-03-27T00:00:00Z,Under 35,77
2020-03-27T00:00:00Z,35 to 54,149
2020-03-27T00:00:00Z,55 to 64,88
2020-03-27T00:00:00Z,65 and older,249
2020-03-28T00:00:00Z,Under 35,84
2020-03-28T00:00:00Z,35 to 54,168
2020-03-28T00:00:00Z,55 to 64,101
2020-03-28T00:00:00Z,65 and older,290
2020-03-29T00:00:00Z,Under 35,90
2020-03-29T00:00:00Z,35 to 54,182
2020-03-29T00:00:00Z,55 to 64,108
2020-03-29T00:00:00Z,65 and older,321
2020-03-30T00:00:00Z,Under 35,104
2020-03-30T00:00:00Z,35 to 54,210
2020-03-30T00:00:00Z,55 to 64,130
2020-03-30T00:00:00Z,65 and older,388
2020-03-31T00:00:00Z,Under 35,116
2020-03-31T00:00:00Z,35 to 54,237
2020-03-31T00:00:00Z,55 to 64,145
2020-03-31T00:00:00Z,65 and older,432
2020-04-01T00:00:00Z,Under 35,123
2020-04-01T00:00:00Z,35 to 54,257
2020-04-01T00:00:00Z,55 to 64,160
2020-04-01T00:00:00Z,65 and older,497
2020-04-02T00:00:00Z,Under 35,127
2020-04-02T00:00:00Z,35 to 54,275
2020-04-02T00:00:00Z,55 to 64,174
2020-04-02T00:00:00Z,65 and older,540
2020-04-03T00:00:00Z,Under 35,134
2020-04-03T00:00:00Z,35 to 54,289
2020-04-03T00:00:00Z,55 to 64,185
2020-04-03T00:00:00Z,65 and older,593
2020-04-04T00:00:00Z,Under 35,138
2020-04-04T00:00:00Z,35 to 54,299
2020-04-04T00:00:00Z,55 to 64,191
2020-04-04T00:00:00Z,65 and older,635
2020-04-05T00:00:00Z,Under 35,142
2020-04-05T00:00:00Z,35 to 54,317
2020-04-05T00:00:00Z,55 to 64,207
2020-04-05T00:00:00Z,65 and older,677
2020-04-06T00:00:00Z,Under 35,150
2020-04-06T00:00:00Z,35 to 54,351
2020-04-06T00:00:00Z,55 to 64,230
2020-04-06T00:00:00Z,65 and older,739
2020-04-07T00:00:00Z,Under 35,153
2020-04-07T00:00:00Z,35 to 54,361
2020-04-07T00:00:00Z,55 to 64,237
2020-04-07T00:00:00Z,65 and older,768
2020-04-08T00:00:00Z,Under 35,168
2020-04-08T00:00:00Z,35 to 54,386
2020-04-08T00:00:00Z,55 to 64,256
2020-04-08T00:00:00Z,65 and older,819
2020-04-09T00:00:00Z,Under 35,174
2020-04-09T00:00:00Z,35 to 54,400
2020-04-09T00:00:00Z,55 to 64,271
2020-04-09T00:00:00Z,65 and older,871
2020-04-10T00:00:00Z,Under 35,181
2020-04-10T00:00:00Z,35 to 54,409
2020-04-10T00:00:00Z,55 to 64,279
2020-04-10T00:00:00Z,65 and older,906
2020-04-11T00:00:00Z,Under 35,185
2020-04-11T00:00:00Z,35 to 54,422
2020-04-11T00:00:00Z,55 to 64,287
2020-04-11T00:00:00Z,65 and older,953
2020-04-12T00:00:00Z,Under 35,187
2020-04-12T00:00:00Z,35 to 54,432
2020-04-12T00:00:00Z,55 to 64,293
2020-04-12T00:00:00Z,65 and older,989
2020-04-13T00:00:00Z,Under 35,190
2020-04-13T00:00:00Z,35 to 54,447
2020-04-13T00:00:00Z,55 to 64,301
2020-04-13T00:00:00Z,65 and older,1028
2020-04-14T00:00:00Z,Under 35,192
2020-04-14T00:00:00Z,35 to 54,462
2020-04-14T00:00:00Z,55 to 64,308
2020-04-14T00:00:00Z,65 and older,1062
2020-04-15T00:00:00Z,Under 35,196
2020-04-15T00:00:00Z,35 to 54,472
2020-04-15T00:00:00Z,55 to 64,318
2020-04-15T00:00:00Z,65 and older,1094
2020-04-16T00:00:00Z,Under 35,201
2020-04-16T00:00:00Z,35 to 54,491
2020-04-16T00:00:00Z,55 to 64,330
2020-04-16T00:00:00Z,65 and older,1144
2020-04-17T00:00:00Z,Under 35,209
2020-04-17T00:00:00Z,35 to 54,503
2020-04-17T00:00:00Z,55 to 64,343
2020-04-17T00:00:00Z,65 and older,1176
2020-04-18T00:00:00Z,Under 35,213
2020-04-18T00:00:00Z,35 to 54,510
2020-04-18T00:00:00Z,55 to 64,349
2020-04-18T00:00:00Z,65 and older,1198
2020-04-19T00:00:00Z,Under 35,219
2020-04-19T00:00:00Z,35 to 54,520
2020-04-19T00:00:00Z,55 to 64,356
2020-04-19T00:00:00Z,65 and older,1226
2020-04-20T00:00:00Z,Under 35,223
2020-04-20T00:00:00Z,35 to 54,528
2020-04-20T00:00:00Z,55 to 64,366
2020-04-20T00:00:00Z,65 and older,1267
2020-04-21T00:00:00Z,Under 35,223
2020-04-21T00:00:00Z,35 to 54,535
2020-04-21T00:00:00Z,55 to 64,372
2020-04-21T00:00:00Z,65 and older,1291
2020-04-22T00:00:00Z,Under 35,230
2020-04-22T00:00:00Z,35 to 54,553
2020-04-22T00:00:00Z,55 to 64,379
2020-04-22T00:00:00Z,65 and older,1321
2020-04-23T00:00:00Z,Under 35,232
2020-04-23T00:00:00Z,35 to 54,561
2020-04-23T00:00:00Z,55 to 64,385
2020-04-23T00:00:00Z,65 and older,1028
2020-04-24T00:00:00Z,Under 35,231
2020-04-24T00:00:00Z,35 to 54,568
2020-04-24T00:00:00Z,55 to 64,392
2020-04-24T00:00:00Z,65 and older,1382
2020-04-25T00:00:00Z,Under 35,236
2020-04-25T00:00:00Z,35 to 54,578
2020-04-25T00:00:00Z,55 to 64,396
2020-04-25T00:00:00Z,65 and older,1412
2020-04-26T00:00:00Z,Under 35,235
2020-04-26T00:00:00Z,35 to 54,581
2020-04-26T00:00:00Z,55 to 64,401
2020-04-26T00:00:00Z,65 and older,1418
2020-04-27T00:00:00Z,Under 35,245
2020-04-27T00:00:00Z,35 to 54,584
2020-04-27T00:00:00Z,55 to 64,406
2020-04-27T00:00:00Z,65 and older,1432
2020-04-28T00:00:00Z,Under 35,248
2020-04-28T00:00:00Z,35 to 54,591
2020-04-28T00:00:00Z,55 to 64,406
2020-04-28T00:00:00Z,65 and older,1459
2020-04-29T00:00:00Z,Under 35,253
2020-04-29T00:00:00Z,35 to 54,600
2020-04-29T00:00:00Z,55 to 64,416
2020-04-29T00:00:00Z,65 and older,1496
2020-04-30T00:00:00Z,Under 35,253
2020-04-30T00:00:00Z,35 to 54,605
2020-04-30T00:00:00Z,55 to 64,415
2020-04-30T00:00:00Z,65 and older,1509
2020-05-01T00:00:00Z,Under 35,261
2020-05-01T00:00:00Z,35 to 54,616
2020-05-01T00:00:00Z,55 to 64,422
2020-05-01T00:00:00Z,65 and older,1524
2020-05-02T00:00:00Z,Under 35,264
2020-05-02T00:00:00Z,35 to 54,619
2020-05-02T00:00:00Z,55 to 64,423
2020-05-02T00:00:00Z,65 and older,1532
2020-05-03T00:00:00Z,Under 35,269
2020-05-03T00:00:00Z,35 to 54,629
2020-05-03T00:00:00Z,55 to 64,424
2020-05-03T00:00:00Z,65 and older,1555
2020-05-04T00:00:00Z,Under 35,268
2020-05-04T00:00:00Z,35 to 54,627
2020-05-04T00:00:00Z,55 to 64,421
2020-05-04T00:00:00Z,65 and older,1560
2020-05-05T00:00:00Z,Under 35,271
2020-05-05T00:00:00Z,35 to 54,630
2020-05-05T00:00:00Z,55 to 64,425
2020-05-05T00:00:00Z,65 and older,1563
2020-05-06T00:00:00Z,Under 35,273
2020-05-06T00:00:00Z,35 to 54,628
2020-05-06T00:00:00Z,55 to 64,429
2020-05-06T00:00:00Z,65 and older,1583
2020-05-07T00:00:00Z,Under 35,275
2020-05-07T00:00:00Z,35 to 54,635
2020-05-07T00:00:00Z,55 to 64,437
2020-05-07T00:00:00Z,65 and older,1605
2020-05-08T00:00:00Z,Under 35,279
2020-05-08T00:00:00Z,35 to 54,644
2020-05-08T00:00:00Z,55 to 64,436
2020-05-08T00:00:00Z,65 and older,1625
2020-05-09T00:00:00Z,Under 35,278
2020-05-09T00:00:00Z,35 to 54,644
2020-05-09T00:00:00Z,55 to 64,436
2020-05-09T00:00:00Z,65 and older,1638
2020-05-10T00:00:00Z,Under 35,280
2020-05-10T00:00:00Z,35 to 54,646
2020-05-10T00:00:00Z,55 to 64,439
2020-05-10T00:00:00Z,65 and older,1664
2020-05-11T00:00:00Z,Under 35,284
2020-05-11T00:00:00Z,35 to 54,646
2020-05-11T00:00:00Z,55 to 64,439
2020-05-11T00:00:00Z,65 and older,1679
2020-05-12T00:00:00Z,Under 35,285
2020-05-12T00:00:00Z,35 to 54,649
2020-05-12T00:00:00Z,55 to 64,442
2020-05-12T00:00:00Z,65 and older,1675
2020-05-13T00:00:00Z,Under 35,287
2020-05-13T00:00:00Z,35 to 54,651
2020-05-13T00:00:00Z,55 to 64,442
2020-05-13T00:00:00Z,65 and older,1680
2020-05-14T00:00:00Z,Under 35,289
2020-05-14T00:00:00Z,35 to 54,662
2020-05-14T00:00:00Z,55 to 64,449
2020-05-14T00:00:00Z,65 and older,1692
2020-05-15T00:00:00Z,Under 35,293
2020-05-15T00:00:00Z,35 to 54,667
2020-05-15T00:00:00Z,55 to 64,453
2020-05-15T00:00:00Z,65 and older,1712
2020-05-16T00:00:00Z,Under 35,293
2020-05-16T00:00:00Z,35 to 54,668
2020-05-16T00:00:00Z,55 to 64,457
2020-05-16T00:00:00Z,65 and older,1707
2020-05-17T00:00:00Z,Under 35,294
2020-05-17T00:00:00Z,35 to 54,670
2020-05-17T00:00:00Z,55 to 64,463
2020-05-17T00:00:00Z,65 and older,1714
2020-05-18T00:00:00Z,Under 35,294
2020-05-18T00:00:00Z,35 to 54,672
2020-05-18T00:00:00Z,55 to 64,470
2020-05-18T00:00:00Z,65 and older,1725
2020-05-19T00:00:00Z,Under 35,295
2020-05-19T00:00:00Z,35 to 54,675
2020-05-19T00:00:00Z,55 to 64,473
2020-05-19T00:00:00Z,65 and older,1737
2020-05-20T00:00:00Z,Under 35,296
2020-05-20T00:00:00Z,35 to 54,676
2020-05-20T00:00:00Z,55 to 64,474
2020-05-20T00:00:00Z,65 and older,1745
2020-05-21T00:00:00Z,Under 35,297
2020-05-21T00:00:00Z,35 to 54,676
2020-05-21T00:00:00Z,55 to 64,476
2020-05-21T00:00:00Z,65 and older,1759
2020-05-22T00:00:00Z,Under 35,300
2020-05-22T00:00:00Z,35 to 54,678
2020-05-22T00:00:00Z,55 to 64,478
2020-05-22T00:00:00Z,65 and older,1763
2020-05-23T00:00:00Z,Under 35,300
2020-05-23T00:00:00Z,35 to 54,679
2020-05-23T00:00:00Z,55 to 64,477
2020-05-23T00:00:00Z,65 and older,1766
2020-05-24T00:00:00Z,Under 35,300
2020-05-24T00:00:00Z,35 to 54,681
2020-05-24T00:00:00Z,55 to 64,478
2020-05-24T00:00:00Z,65 and older,1771
2020-05-25T00:00:00Z,Under 35,303
2020-05-25T00:00:00Z,35 to 54,682
2020-05-25T00:00:00Z,55 to 64,479
2020-05-25T00:00:00Z,65 and older,1784
2020-05-26T00:00:00Z,Under 35,303
2020-05-26T00:00:00Z,35 to 54,688
2020-05-26T00:00:00Z,55 to 64,481
2020-05-26T00:00:00Z,65 and older,1792
2020-05-27T00:00:00Z,Under 35,305
2020-05-27T00:00:00Z,35 to 54,691
2020-05-27T00:00:00Z,55 to 64,480
2020-05-27T00:00:00Z,65 and older,1792
2020-05-28T00:00:00Z,Under 35,305
2020-05-28T00:00:00Z,35 to 54,694
2020-05-28T00:00:00Z,55 to 64,480
2020-05-28T00:00:00Z,65 and older,1797
2020-05-29T00:00:00Z,Under 35,306
2020-05-29T00:00:00Z,35 to 54,694
2020-05-29T00:00:00Z,55 to 64,481
2020-05-29T00:00:00Z,65 and older,1799
2020-05-30T00:00:00Z,Under 35,306
2020-05-30T00:00:00Z,35 to 54,696
2020-05-30T00:00:00Z,55 to 64,481
2020-05-30T00:00:00Z,65 and older,1800
2020-05-31T00:00:00Z,Under 35,306
2020-05-31T00:00:00Z,35 to 54,697
2020-05-31T00:00:00Z,55 to 64,482
2020-05-31T00:00:00Z,65 and older,1804
2020-06-01T00:00:00Z,Under 35,305
2020-06-01T00:00:00Z,35 to 54,698
2020-06-01T00:00:00Z,55 to 64,484
2020-06-01T00:00:00Z,65 and older,1808
2020-06-02T00:00:00Z,Under 35,307
2020-06-02T00:00:00Z,35 to 54,700
2020-06-02T00:00:00Z,55 to 64,487
2020-06-02T00:00:00Z,65 and older,1814
2020-06-03T00:00:00Z,Under 35,307
2020-06-03T00:00:00Z,35 to 54,700
2020-06-03T00:00:00Z,55 to 64,488
2020-06-03T00:00:00Z,65 and older,1814
2020-06-04T00:00:00Z,Under 35,308
2020-06-04T00:00:00Z,35 to 54,700
2020-06-04T00:00:00Z,55 to 64,490
2020-06-04T00:00:00Z,65 and older,1818
2020-06-05T00:00:00Z,Under 35,307
2020-06-05T00:00:00Z,35 to 54,701
2020-06-05T00:00:00Z,55 to 64,490
2020-06-05T00:00:00Z,65 and older,1820
2020-06-06T00:00:00Z,Under 35,307
2020-06-06T00:00:00Z,35 to 54,702
2020-06-06T00:00:00Z,55 to 64,491
2020-06-06T00:00:00Z,65 and older,1819
2020-06-07T00:00:00Z,Under 35,309
2020-06-07T00:00:00Z,35 to 54,705
2020-06-07T00:00:00Z,55 to 64,490
2020-06-07T00:00:00Z,65 and older,1825
2020-06-08T00:00:00Z,Under 35,306
2020-06-08T00:00:00Z,35 to 54,705
2020-06-08T00:00:00Z,55 to 64,489
2020-06-08T00:00:00Z,65 and older,1819
2020-06-09T00:00:00Z,Under 35,304
2020-06-09T00:00:00Z,35 to 54,705
2020-06-09T00:00:00Z,55 to 64,490
2020-06-09T00:00:00Z,65 and older,1806
2020-06-10T00:00:00Z,Under 35,305
2020-06-10T00:00:00Z,35 to 54,705
2020-06-10T00:00:00Z,55 to 64,490
2020-06-10T00:00:00Z,65 and older,1773
2020-06-11T00:00:00Z,Under 35,305
2020-06-11T00:00:00Z,35 to 54,705
2020-06-11T00:00:00Z,55 to 64,490
2020-06-11T00:00:00Z,65 and older,1774
2020-06-12T00:00:00Z,Under 35,306
2020-06-12T00:00:00Z,35 to 54,705
2020-06-12T00:00:00Z,55 to 64,491
2020-06-12T00:00:00Z,65 and older,1775
2020-06-13T00:00:00Z,Under 35,306
2020-06-13T00:00:00Z,35 to 54,705
2020-06-13T00:00:00Z,55 to 64,491
2020-06-13T00:00:00Z,65 and older,1774
2020-06-14T00:00:00Z,Under 35,306
2020-06-14T00:00:00Z,35 to 54,706
2020-06-14T00:00:00Z,55 to 64,490
2020-06-14T00:00:00Z,65 and older,1778
2020-06-15T00:00:00Z,Under 35,306
2020-06-15T00:00:00Z,35 to 54,706
2020-06-15T00:00:00Z,55 to 64,487
2020-06-15T00:00:00Z,65 and older,1777
2020-06-16T00:00:00Z,Under 35,306
2020-06-16T00:00:00Z,35 to 54,707
2020-06-16T00:00:00Z,55 to 64,487
2020-06-16T00:00:00Z,65 and older,1780
2020-06-17T00:00:00Z,Under 35,307
2020-06-17T00:00:00Z,35 to 54,707
2020-06-17T00:00:00Z,55 to 64,488
2020-06-17T00:00:00Z,65 and older,1782
2020-06-18T00:00:00Z,Under 35,304
2020-06-18T00:00:00Z,35 to 54,706
2020-06-18T00:00:00Z,55 to 64,488
2020-06-18T00:00:00Z,65 and older,1780
2020-06-19T00:00:00Z,Under 35,304
2020-06-19T00:00:00Z,35 to 54,707
2020-06-19T00:00:00Z,55 to 64,488
2020-06-19T00:00:00Z,65 and older,1781
2020-06-20T00:00:00Z,Under 35,304
2020-06-20T00:00:00Z,35 to 54,708
2020-06-20T00:00:00Z,55 to 64,489
2020-06-20T00:00:00Z,65 and older,1781
2020-06-21T00:00:00Z,Under 35,304
2020-06-21T00:00:00Z,35 to 54,708
2020-06-21T00:00:00Z,55 to 64,489
2020-06-21T00:00:00Z,65 and older,1782
2020-06-22T00:00:00Z,Under 35,304
2020-06-22T00:00:00Z,35 to 54,710
2020-06-22T00:00:00Z,55 to 64,490
2020-06-22T00:00:00Z,65 and older,1786
2020-06-23T00:00:00Z,Under 35,303
2020-06-23T00:00:00Z,35 to 54,709
2020-06-23T00:00:00Z,55 to 64,490
2020-06-23T00:00:00Z,65 and older,1789
2020-06-24T00:00:00Z,Under 35,302
2020-06-24T00:00:00Z,35 to 54,708
2020-06-24T00:00:00Z,55 to 64,492
2020-06-24T00:00:00Z,65 and older,1789
2020-06-25T00:00:00Z,Under 35,302
2020-06-25T00:00:00Z,35 to 54,708
2020-06-25T00:00:00Z,55 to 64,492
2020-06-25T00:00:00Z,65 and older,1789
2020-06-26T00:00:00Z,Under 35,302
2020-06-26T00:00:00Z,35 to 54,708
2020-06-26T00:00:00Z,55 to 64,492
2020-06-26T00:00:00Z,65 and older,1789
2020-06-27T00:00:00Z,Under 35,302
2020-06-27T00:00:00Z,35 to 54,709
2020-06-27T00:00:00Z,55 to 64,492
2020-06-27T00:00:00Z,65 and older,1788
2020-06-28T00:00:00Z,Under 35,302
2020-06-28T00:00:00Z,35 to 54,710
2020-06-28T00:00:00Z,55 to 64,492
2020-06-28T00:00:00Z,65 and older,1789
2020-06-29T00:00:00Z,Under 35,304
2020-06-29T00:00:00Z,35 to 54,710
2020-06-29T00:00:00Z,55 to 64,492
2020-06-29T00:00:00Z,65 and older,1789
2020-06-30T00:00:00Z,Under 35,304
2020-06-30T00:00:00Z,35 to 54,710
2020-06-30T00:00:00Z,55 to 64,492
2020-06-30T00:00:00Z,65 and older,1789
2020-07-01T00:00:00Z,Under 35,306
2020-07-01T00:00:00Z,35 to 54,713
2020-07-01T00:00:00Z,55 to 64,492
2020-07-01T00:00:00Z,65 and older,1794
2020-07-02T00:00:00Z,Under 35,308
2020-07-02T00:00:00Z,35 to 54,713
2020-07-02T00:00:00Z,55 to 64,492
2020-07-02T00:00:00Z,65 and older,1794
2020-07-03T00:00:00Z,Under 35,308
2020-07-03T00:00:00Z,35 to 54,713
2020-07-03T00:00:00Z,55 to 64,492
2020-07-03T00:00:00Z,65 and older,1793
2020-07-04T00:00:00Z,Under 35,308
2020-07-04T00:00:00Z,35 to 54,714
2020-07-04T00:00:00Z,55 to 64,492
2020-07-04T00:00:00Z,65 and older,1793
2020-07-05T00:00:00Z,Under 35,309
2020-07-05T00:00:00Z,35 to 54,713
2020-07-05T00:00:00Z,55 to 64,491
2020-07-05T00:00:00Z,65 and older,1792
2020-07-06T00:00:00Z,Under 35,309
2020-07-06T00:00:00Z,35 to 54,713
2020-07-06T00:00:00Z,55 to 64,491
2020-07-06T00:00:00Z,65 and older,1798
2020-07-07T00:00:00Z,Under 35,311
2020-07-07T00:00:00Z,35 to 54,718
2020-07-07T00:00:00Z,55 to 64,495
2020-07-07T00:00:00Z,65 and older,1802
2020-07-08T00:00:00Z,Under 35,311
2020-07-08T00:00:00Z,35 to 54,718
2020-07-08T00:00:00Z,55 to 64,495
2020-07-08T00:00:00Z,65 and older,1802
2020-07-09T00:00:00Z,Under 35,311
2020-07-09T00:00:00Z,35 to 54,720
2020-07-09T00:00:00Z,55 to 64,495
2020-07-09T00:00:00Z,65 and older,1802
2020-07-10T00:00:00Z,Under 35,311
2020-07-10T00:00:00Z,35 to 54,720
2020-07-10T00:00:00Z,55 to 64,495
2020-07-10T00:00:00Z,65 and older,1802
2020-07-11T00:00:00Z,Under 35,311
2020-07-11T00:00:00Z,35 to 54,720
2020-07-11T00:00:00Z,55 to 64,495
2020-07-11T00:00:00Z,65 and older,1802
2020-07-12T00:00:00Z,Under 35,312
2020-07-12T00:00:00Z,35 to 54,720
2020-07-12T00:00:00Z,55 to 64,495
2020-07-12T00:00:00Z,65 and older,1803
2020-07-13T00:00:00Z,Under 35,313
2020-07-13T00:00:00Z,35 to 54,722
2020-07-13T00:00:00Z,55 to 64,496
2020-07-13T00:00:00Z,65 and older,1804
2020-07-14T00:00:00Z,Under 35,313
2020-07-14T00:00:00Z,35 to 54,722
2020-07-14T00:00:00Z,55 to 64,497
2020-07-14T00:00:00Z,65 and older,1806
2020-07-15T00:00:00Z,Under 35,313
2020-07-15T00:00:00Z,35 to 54,722
2020-07-15T00:00:00Z,55 to 64,497
2020-07-15T00:00:00Z,65 and older,1806
2020-07-16T00:00:00Z,Under 35,314
2020-07-16T00:00:00Z,35 to 54,723
2020-07-16T00:00:00Z,55 to 64,497
2020-07-16T00:00:00Z,65 and older,1807
2020-07-17T00:00:00Z,Under 35,314
2020-07-17T00:00:00Z,35 to 54,723
2020-07-17T00:00:00Z,55 to 64,497
2020-07-17T00:00:00Z,65 and older,1807
2020-07-18T00:00:00Z,Under 35,314
2020-07-18T00:00:00Z,35 to 54,723
2020-07-18T00:00:00Z,55 to 64,497
2020-07-18T00:00:00Z,65 and older,1808
2020-07-19T00:00:00Z,Under 35,314
2020-07-19T00:00:00Z,35 to 54,722
2020-07-19T00:00:00Z,55 to 64,497
2020-07-19T00:00:00Z,65 and older,1808
2020-07-20T00:00:00Z,Under 35,313
2020-07-20T00:00:00Z,35 to 54,721
2020-07-20T00:00:00Z,55 to 64,497
2020-07-20T00:00:00Z,65 and older,1808
2020-07-21T00:00:00Z,Under 35,314
2020-07-21T00:00:00Z,35 to 54,721
2020-07-21T00:00:00Z,55 to 64,497
2020-07-21T00:00:00Z,65 and older,1808
2020-07-22T00:00:00Z,Under 35,314
2020-07-22T00:00:00Z,35 to 54,723
2020-07-22T00:00:00Z,55 to 64,497
2020-07-22T00:00:00Z,65 and older,1809
2020-07-23T00:00:00Z,Under 35,314
2020-07-23T00:00:00Z,35 to 54,723
2020-07-23T00:00:00Z,55 to 64,498
2020-07-23T00:00:00Z,65 and older,1809
2020-07-24T00:00:00Z,Under 35,314
2020-07-24T00:00:00Z,35 to 54,723
2020-07-24T00:00:00Z,55 to 64,498
2020-07-24T00:00:00Z,65 and older,1809
2020-07-25T00:00:00Z,Under 35,315
2020-07-25T00:00:00Z,35 to 54,723
2020-07-25T00:00:00Z,55 to 64,498
2020-07-25T00:00:00Z,65 and older,1809
2020-07-26T00:00:00Z,Under 35,315
2020-07-26T00:00:00Z,35 to 54,725
2020-07-26T00:00:00Z,55 to 64,498
2020-07-26T00:00:00Z,65 and older,1810
2020-07-27T00:00:00Z,Under 35,315
2020-07-27T00:00:00Z,35 to 54,725
2020-07-27T00:00:00Z,55 to 64,499
2020-07-27T00:00:00Z,65 and older,1809
2020-07-28T00:00:00Z,Under 35,316
2020-07-28T00:00:00Z,35 to 54,725
2020-07-28T00:00:00Z,55 to 64,499
2020-07-28T00:00:00Z,65 and older,1809
2020-07-29T00:00:00Z,Under 35,317
2020-07-29T00:00:00Z,35 to 54,725
2020-07-29T00:00:00Z,55 to 64,499
2020-07-29T00:00:00Z,65 and older,1810
2020-07-30T00:00:00Z,Under 35,317
2020-07-30T00:00:00Z,35 to 54,725
2020-07-30T00:00:00Z,55 to 64,499
2020-07-30T00:00:00Z,65 and older,1811
2020-07-31T00:00:00Z,Under 35,320
2020-07-31T00:00:00Z,35 to 54,728
2020-07-31T00:00:00Z,55 to 64,499
2020-07-31T00:00:00Z,65 and older,1811
2020-08-01T00:00:00Z,Under 35,320
2020-08-01T00:00:00Z,35 to 54,728
2020-08-01T00:00:00Z,55 to 64,499
2020-08-01T00:00:00Z,65 and older,1811
2020-08-02T00:00:00Z,Under 35,319
2020-08-02T00:00:00Z,35 to 54,727
2020-08-02T00:00:00Z,55 to 64,499
2020-08-02T00:00:00Z,65 and older,1812
2020-08-03T00:00:00Z,Under 35,319
2020-08-03T00:00:00Z,35 to 54,726
2020-08-03T00:00:00Z,55 to 64,499
2020-08-03T00:00:00Z,65 and older,1812
2020-08-04T00:00:00Z,Under 35,319
2020-08-04T00:00:00Z,35 to 54,726
2020-08-04T00:00:00Z,55 to 64,499
2020-08-04T00:00:00Z,65 and older,1814
2020-08-05T00:00:00Z,Under 35,318
2020-08-05T00:00:00Z,35 to 54,726
2020-08-05T00:00:00Z,55 to 64,500
2020-08-05T00:00:00Z,65 and older,1817
2020-08-06T00:00:00Z,Under 35,318
2020-08-06T00:00:00Z,35 to 54,727
2020-08-06T00:00:00Z,55 to 64,500
2020-08-06T00:00:00Z,65 and older,1818
2020-08-07T00:00:00Z,Under 35,319
2020-08-07T00:00:00Z,35 to 54,727
2020-08-07T00:00:00Z,55 to 64,500
2020-08-07T00:00:00Z,65 and older,1818
2020-08-08T00:00:00Z,Under 35,319
2020-08-08T00:00:00Z,35 to 54,727
2020-08-08T00:00:00Z,55 to 64,500
2020-08-08T00:00:00Z,65 and older,1817
2020-08-09T00:00:00Z,Under 35,320
2020-08-09T00:00:00Z,35 to 54,730
2020-08-09T00:00:00Z,55 to 64,501
2020-08-09T00:00:00Z,65 and older,1820
2020-08-10T00:00:00Z,Under 35,321
2020-08-10T00:00:00Z,35 to 54,730
2020-08-10T00:00:00Z,55 to 64,502
2020-08-10T00:00:00Z,65 and older,1822
2020-08-11T00:00:00Z,Under 35,324
2020-08-11T00:00:00Z,35 to 54,729
2020-08-11T00:00:00Z,55 to 64,502
2020-08-11T00:00:00Z,65 and older,1822
2020-08-12T00:00:00Z,Under 35,325
2020-08-12T00:00:00Z,35 to 54,731
2020-08-12T00:00:00Z,55 to 64,502
2020-08-12T00:00:00Z,65 and older,1823
2020-08-13T00:00:00Z,Under 35,326
2020-08-13T00:00:00Z,35 to 54,730
2020-08-13T00:00:00Z,55 to 64,502
2020-08-13T00:00:00Z,65 and older,1825
2020-08-14T00:00:00Z,Under 35,326
2020-08-14T00:00:00Z,35 to 54,731
2020-08-14T00:00:00Z,55 to 64,502
2020-08-14T00:00:00Z,65 and older,1825
2020-08-15T00:00:00Z,Under 35,326
2020-08-15T00:00:00Z,35 to 54,731
2020-08-15T00:00:00Z,55 to 64,503
2020-08-15T00:00:00Z,65 and older,1826
2020-08-16T00:00:00Z,Under 35,326
2020-08-16T00:00:00Z,35 to 54,731
2020-08-16T00:00:00Z,55 to 64,503
2020-08-16T00:00:00Z,65 and older,1827
2020-08-17T00:00:00Z,Under 35,325
2020-08-17T00:00:00Z,35 to 54,733
2020-08-17T00:00:00Z,55 to 64,503
2020-08-17T00:00:00Z,65 and older,1827
2020-08-18T00:00:00Z,Under 35,327
2020-08-18T00:00:00Z,35 to 54,735
2020-08-18T00:00:00Z,55 to 64,504
2020-08-18T00:00:00Z,65 and older,1827
2020-08-19T00:00:00Z,Under 35,326
2020-08-19T00:00:00Z,35 to 54,735
2020-08-19T00:00:00Z,55 to 64,503
2020-08-19T00:00:00Z,65 and older,1828
2020-08-20T00:00:00Z,Under 35,326
2020-08-20T00:00:00Z,35 to 54,735
2020-08-20T00:00:00Z,55 to 64,503
2020-08-20T00:00:00Z,65 and older,1829
2020-08-21T00:00:00Z,Under 35,328
2020-08-21T00:00:00Z,35 to 54,735
2020-08-21T00:00:00Z,55 to 64,503
2020-08-21T00:00:00Z,65 and older,1829
2020-08-22T00:00:00Z,Under 35,330
2020-08-22T00:00:00Z,35 to 54,735
2020-08-22T00:00:00Z,55 to 64,503
2020-08-22T00:00:00Z,65 and older,1829
2020-08-23T00:00:00Z,Under 35,326
2020-08-23T00:00:00Z,35 to 54,737
2020-08-23T00:00:00Z,55 to 64,504
2020-08-23T00:00:00Z,65 and older,1829
2020-08-24T00:00:00Z,Under 35,326
2020-08-24T00:00:00Z,35 to 54,737
2020-08-24T00:00:00Z,55 to 64,504
2020-08-24T00:00:00Z,65 and older,1829
2020-08-25T00:00:00Z,Under 35,326
2020-08-25T00:00:00Z,35 to 54,732
2020-08-25T00:00:00Z,55 to 64,502
2020-08-25T00:00:00Z,65 and older,1825
2020-08-26T00:00:00Z,Under 35,328
2020-08-26T00:00:00Z,35 to 54,733
2020-08-26T00:00:00Z,55 to 64,501
2020-08-26T00:00:00Z,65 and older,1821
2020-08-27T00:00:00Z,Under 35,326
2020-08-27T00:00:00Z,35 to 54,734
2020-08-27T00:00:00Z,55 to 64,502
2020-08-27T00:00:00Z,65 and older,1823
2020-08-28T00:00:00Z,Under 35,330
2020-08-28T00:00:00Z,35 to 54,736
2020-08-28T00:00:00Z,55 to 64,504
2020-08-28T00:00:00Z,65 and older,1823
2020-08-29T00:00:00Z,Under 35,334
2020-08-29T00:00:00Z,35 to 54,736
2020-08-29T00:00:00Z,55 to 64,505
2020-08-29T00:00:00Z,65 and older,1824
2020-08-30T00:00:00Z,Under 35,335
2020-08-30T00:00:00Z,35 to 54,739
2020-08-30T00:00:00Z,55 to 64,505
2020-08-30T00:00:00Z,65 and older,1825
2020-08-31T00:00:00Z,Under 35,338
2020-08-31T00:00:00Z,35 to 54,738
2020-08-31T00:00:00Z,55 to 64,505
2020-08-31T00:00:00Z,65 and older,1829
2020-09-01T00:00:00Z,Under 35,337
2020-09-01T00:00:00Z,35 to 54,738
2020-09-01T00:00:00Z,55 to 64,504
2020-09-01T00:00:00Z,65 and older,1835
2020-09-02T00:00:00Z,Under 35,334
2020-09-02T00:00:00Z,35 to 54,736
2020-09-02T00:00:00Z,55 to 64,503
2020-09-02T00:00:00Z,65 and older,1838
2020-09-03T00:00:00Z,Under 35,336
2020-09-03T00:00:00Z,35 to 54,736
2020-09-03T00:00:00Z,55 to 64,504
2020-09-03T00:00:00Z,65 and older,1841
2020-09-04T00:00:00Z,Under 35,338
2020-09-04T00:00:00Z,35 to 54,736
2020-09-04T00:00:00Z,55 to 64,505
2020-09-04T00:00:00Z,65 and older,1844
2020-09-05T00:00:00Z,Under 35,338
2020-09-05T00:00:00Z,35 to 54,737
2020-09-05T00:00:00Z,55 to 64,505
2020-09-05T00:00:00Z,65 and older,1846
2020-09-06T00:00:00Z,Under 35,338
2020-09-06T00:00:00Z,35 to 54,738
2020-09-06T00:00:00Z,55 to 64,505
2020-09-06T00:00:00Z,65 and older,1847
2020-09-07T00:00:00Z,Under 35,339
2020-09-07T00:00:00Z,35 to 54,739
2020-09-07T00:00:00Z,55 to 64,505
2020-09-07T00:00:00Z,65 and older,1850
2020-09-08T00:00:00Z,Under 35,338
2020-09-08T00:00:00Z,35 to 54,739
2020-09-08T00:00:00Z,55 to 64,505
2020-09-08T00:00:00Z,65 and older,1852
2020-09-09T00:00:00Z,Under 35,339
2020-09-09T00:00:00Z,35 to 54,740
2020-09-09T00:00:00Z,55 to 64,507
2020-09-09T00:00:00Z,65 and older,1853
2020-09-10T00:00:00Z,Under 35,341
2020-09-10T00:00:00Z,35 to 54,741
2020-09-10T00:00:00Z,55 to 64,508
2020-09-10T00:00:00Z,65 and older,1854
2020-09-11T00:00:00Z,Under 35,342
2020-09-11T00:00:00Z,35 to 54,742
2020-09-11T00:00:00Z,55 to 64,509
2020-09-11T00:00:00Z,65 and older,1857
2020-09-12T00:00:00Z,Under 35,345
2020-09-12T00:00:00Z,35 to 54,743
2020-09-12T00:00:00Z,55 to 64,510
2020-09-12T00:00:00Z,65 and older,1858
2020-09-13T00:00:00Z,Under 35,345
2020-09-13T00:00:00Z,35 to 54,746
2020-09-13T00:00:00Z,55 to 64,510
2020-09-13T00:00:00Z,65 and older,1860
2020-09-14T00:00:00Z,Under 35,346
2020-09-14T00:00:00Z,35 to 54,745
2020-09-14T00:00:00Z,55 to 64,512
2020-09-14T00:00:00Z,65 and older,1865
2020-09-15T00:00:00Z,Under 35,347
2020-09-15T00:00:00Z,35 to 54,747
2020-09-15T00:00:00Z,55 to 64,512
2020-09-15T00:00:00Z,65 and older,1870
2020-09-16T00:00:00Z,Under 35,348
2020-09-16T00:00:00Z,35 to 54,750
2020-09-16T00:00:00Z,55 to 64,513
2020-09-16T00:00:00Z,65 and older,1878
2020-09-17T00:00:00Z,Under 35,348
2020-09-17T00:00:00Z,35 to 54,751
2020-09-17T00:00:00Z,55 to 64,515
2020-09-17T00:00:00Z,65 and older,1885
2020-09-18T00:00:00Z,Under 35,351
2020-09-18T00:00:00Z,35 to 54,755
2020-09-18T00:00:00Z,55 to 64,519
2020-09-18T00:00:00Z,65 and older,1888
2020-09-19T00:00:00Z,Under 35,351
2020-09-19T00:00:00Z,35 to 54,756
2020-09-19T00:00:00Z,55 to 64,518
2020-09-19T00:00:00Z,65 and older,1898
2020-09-20T00:00:00Z,Under 35,349
2020-09-20T00:00:00Z,35 to 54,762
2020-09-20T00:00:00Z,55 to 64,523
2020-09-20T00:00:00Z,65 and older,1900
2020-09-21T00:00:00Z,Under 35,349
2020-09-21T00:00:00Z,35 to 54,767
2020-09-21T00:00:00Z,55 to 64,527
2020-09-21T00:00:00Z,65 and older,1904
2020-09-22T00:00:00Z,Under 35,351
2020-09-22T00:00:00Z,35 to 54,768
2020-09-22T00:00:00Z,55 to 64,528
2020-09-22T00:00:00Z,65 and older,1904
2020-09-23T00:00:00Z,Under 35,351
2020-09-23T00:00:00Z,35 to 54,769
2020-09-23T00:00:00Z,55 to 64,530
2020-09-23T00:00:00Z,65 and older,1909
2020-09-24T00:00:00Z,Under 35,350
2020-09-24T00:00:00Z,35 to 54,772
2020-09-24T00:00:00Z,55 to 64,532
2020-09-24T00:00:00Z,65 and older,1911
2020-09-25T00:00:00Z,Under 35,354
2020-09-25T00:00:00Z,35 to 54,772
2020-09-25T00:00:00Z,55 to 64,534
2020-09-25T00:00:00Z,65 and older,1914
2020-09-26T00:00:00Z,Under 35,358
2020-09-26T00:00:00Z,35 to 54,772
2020-09-26T00:00:00Z,55 to 64,536
2020-09-26T00:00:00Z,65 and older,1916
2020-09-27T00:00:00Z,Under 35,358
2020-09-27T00:00:00Z,35 to 54,776
2020-09-27T00:00:00Z,55 to 64,539
2020-09-27T00:00:00Z,65 and older,1919
2020-09-28T00:00:00Z,Under 35,359
2020-09-28T00:00:00Z,35 to 54,779
2020-09-28T00:00:00Z,55 to 64,543
2020-09-28T00:00:00Z,65 and older,1918
2020-09-29T00:00:00Z,Under 35,367
2020-09-29T00:00:00Z,35 to 54,784
2020-09-29T00:00:00Z,55 to 64,541
2020-09-29T00:00:00Z,65 and older,1924
2020-09-30T00:00:00Z,Under 35,370
2020-09-30T00:00:00Z,35 to 54,785
2020-09-30T00:00:00Z,55 to 64,541
2020-09-30T00:00:00Z,65 and older,1934
2020-10-01T00:00:00Z,Under 35,376
2020-10-01T00:00:00Z,35 to 54,786
2020-10-01T00:00:00Z,55 to 64,541
2020-10-01T00:00:00Z,65 and older,1939
2020-10-02T00:00:00Z,Under 35,380
2020-10-02T00:00:00Z,35 to 54,790
2020-10-02T00:00:00Z,55 to 64,543
2020-10-02T00:00:00Z,65 and older,1939
2020-10-03T00:00:00Z,Under 35,394
2020-10-03T00:00:00Z,35 to 54,792
2020-10-03T00:00:00Z,55 to 64,548
2020-10-03T00:00:00Z,65 and older,1943
2020-10-04T00:00:00Z,Under 35,384
2020-10-04T00:00:00Z,35 to 54,793
2020-10-04T00:00:00Z,55 to 64,549
2020-10-04T00:00:00Z,65 and older,1949
2020-10-05T00:00:00Z,Under 35,386
2020-10-05T00:00:00Z,35 to 54,796
2020-10-05T00:00:00Z,55 to 64,559
2020-10-05T00:00:00Z,65 and older,1959
2020-10-06T00:00:00Z,Under 35,394
2020-10-06T00:00:00Z,35 to 54,802
2020-10-06T00:00:00Z,55 to 64,562
2020-10-06T00:00:00Z,65 and older,1970
2020-10-07T00:00:00Z,Under 35,398
2020-10-07T00:00:00Z,35 to 54,804
2020-10-07T00:00:00Z,55 to 64,568
2020-10-07T00:00:00Z,65 and older,1984
2020-10-08T00:00:00Z,Under 35,401
2020-10-08T00:00:00Z,35 to 54,807
2020-10-08T00:00:00Z,55 to 64,568
2020-10-08T00:00:00Z,65 and older,1992
2020-10-09T00:00:00Z,Under 35,410
2020-10-09T00:00:00Z,35 to 54,812
2020-10-09T00:00:00Z,55 to 64,567
2020-10-09T00:00:00Z,65 and older,2004
2020-10-10T00:00:00Z,Under 35,415
2020-10-10T00:00:00Z,35 to 54,811
2020-10-10T00:00:00Z,55 to 64,569
2020-10-10T00:00:00Z,65 and older,2025
2020-10-11T00:00:00Z,Under 35,419
2020-10-11T00:00:00Z,35 to 54,816
2020-10-11T00:00:00Z,55 to 64,573
2020-10-11T00:00:00Z,65 and older,2038
2020-10-12T00:00:00Z,Under 35,428
2020-10-12T00:00:00Z,35 to 54,821
2020-10-12T00:00:00Z,55 to 64,581
2020-10-12T00:00:00Z,65 and older,2045
2020-10-13T00:00:00Z,Under 35,435
2020-10-13T00:00:00Z,35 to 54,828
2020-10-13T00:00:00Z,55 to 64,586
2020-10-13T00:00:00Z,65 and older,2065
2020-10-14T00:00:00Z,Under 35,440
2020-10-14T00:00:00Z,35 to 54,833
2020-10-14T00:00:00Z,55 to 64,588
2020-10-14T00:00:00Z,65 and older,2073
2020-10-15T00:00:00Z,Under 35,443
2020-10-15T00:00:00Z,35 to 54,839
2020-10-15T00:00:00Z,55 to 64,591
2020-10-15T00:00:00Z,65 and older,2081
2020-10-16T00:00:00Z,Under 35,447
2020-10-16T00:00:00Z,35 to 54,841
2020-10-16T00:00:00Z,55 to 64,595
2020-10-16T00:00:00Z,65 and older,2095
2020-10-17T00:00:00Z,Under 35,449
2020-10-17T00:00:00Z,35 to 54,845
2020-10-17T00:00:00Z,55 to 64,596
2020-10-17T00:00:00Z,65 and older,2105
2020-10-18T00:00:00Z,Under 35,453
2020-10-18T00:00:00Z,35 to 54,849
2020-10-18T00:00:00Z,55 to 64,599
2020-10-18T00:00:00Z,65 and older,2118
2020-10-19T00:00:00Z,Under 35,462
2020-10-19T00:00:00Z,35 to 54,855
2020-10-19T00:00:00Z,55 to 64,605
2020-10-19T00:00:00Z,65 and older,2130
2020-10-20T00:00:00Z,Under 35,469
2020-10-20T00:00:00Z,35 to 54,867
2020-10-20T00:00:00Z,55 to 64,620
2020-10-20T00:00:00Z,65 and older,2160
2020-10-21T00:00:00Z,Under 35,476
2020-10-21T00:00:00Z,35 to 54,880
2020-10-21T00:00:00Z,55 to 64,626
2020-10-21T00:00:00Z,65 and older,2179
2020-10-22T00:00:00Z,Under 35,466
2020-10-22T00:00:00Z,35 to 54,877
2020-10-22T00:00:00Z,55 to 64,623
2020-10-22T00:00:00Z,65 and older,2187
2020-10-23T00:00:00Z,Under 35,467
2020-10-23T00:00:00Z,35 to 54,883
2020-10-23T00:00:00Z,55 to 64,629
2020-10-23T00:00:00Z,65 and older,2214
2020-10-24T00:00:00Z,Under 35,468
2020-10-24T00:00:00Z,35 to 54,885
2020-10-24T00:00:00Z,55 to 64,631
2020-10-24T00:00:00Z,65 and older,2224
2020-10-25T00:00:00Z,Under 35,472
2020-10-25T00:00:00Z,35 to 54,887
2020-10-25T00:00:00Z,55 to 64,631
2020-10-25T00:00:00Z,65 and older,2240
2020-10-26T00:00:00Z,Under 35,473
2020-10-26T00:00:00Z,35 to 54,894
2020-10-26T00:00:00Z,55 to 64,636
2020-10-26T00:00:00Z,65 and older,2249
2020-10-27T00:00:00Z,Under 35,479
2020-10-27T00:00:00Z,35 to 54,908
2020-10-27T00:00:00Z,55 to 64,643
2020-10-27T00:00:00Z,65 and older,2270
2020-10-28T00:00:00Z,Under 35,486
2020-10-28T00:00:00Z,35 to 54,919
2020-10-28T00:00:00Z,55 to 64,646
2020-10-28T00:00:00Z,65 and older,2295
2020-10-29T00:00:00Z,Under 35,489
2020-10-29T00:00:00Z,35 to 54,921
2020-10-29T00:00:00Z,55 to 64,654
2020-10-29T00:00:00Z,65 and older,2311
2020-10-30T00:00:00Z,Under 35,493
2020-10-30T00:00:00Z,35 to 54,922
2020-10-30T00:00:00Z,55 to 64,658
2020-10-30T00:00:00Z,65 and older,2322
2020-10-31T00:00:00Z,Under 35,495
2020-10-31T00:00:00Z,35 to 54,923
2020-10-31T00:00:00Z,55 to 64,660
2020-10-31T00:00:00Z,65 and older,2331
2020-11-01T00:00:00Z,Under 35,500
2020-11-01T00:00:00Z,35 to 54,934
2020-11-01T00:00:00Z,55 to 64,666
2020-11-01T00:00:00Z,65 and older,2347
2020-11-02T00:00:00Z,Under 35,508
2020-11-02T00:00:00Z,35 to 54,940
2020-11-02T00:00:00Z,55 to 64,673
2020-11-02T00:00:00Z,65 and older,2367
2020-11-03T00:00:00Z,Under 35,514
2020-11-03T00:00:00Z,35 to 54,950
2020-11-03T00:00:00Z,55 to 64,676
2020-11-03T00:00:00Z,65 and older,2386
2020-11-04T00:00:00Z,Under 35,521
2020-11-04T00:00:00Z,35 to 54,960
2020-11-04T00:00:00Z,55 to 64,680
2020-11-04T00:00:00Z,65 and older,2417
2020-11-05T00:00:00Z,Under 35,523
2020-11-05T00:00:00Z,35 to 54,966
2020-11-05T00:00:00Z,55 to 64,685
2020-11-05T00:00:00Z,65 and older,2429
2020-11-06T00:00:00Z,Under 35,527
2020-11-06T00:00:00Z,35 to 54,970
2020-11-06T00:00:00Z,55 to 64,689
2020-11-06T00:00:00Z,65 and older,2442
2020-11-07T00:00:00Z,Under 35,531
2020-11-07T00:00:00Z,35 to 54,975
2020-11-07T00:00:00Z,55 to 64,689
2020-11-07T00:00:00Z,65 and older,2467
2020-11-08T00:00:00Z,Under 35,533
2020-11-08T00:00:00Z,35 to 54,979
2020-11-08T00:00:00Z,55 to 64,690
2020-11-08T00:00:00Z,65 and older,2472
2020-11-09T00:00:00Z,Under 35,544
2020-11-09T00:00:00Z,35 to 54,993
2020-11-09T00:00:00Z,55 to 64,696
2020-11-09T00:00:00Z,65 and older,2479
2020-11-10T00:00:00Z,Under 35,544
2020-11-10T00:00:00Z,35 to 54,995
2020-11-10T00:00:00Z,55 to 64,699
2020-11-10T00:00:00Z,65 and older,2533
2020-11-11T00:00:00Z,Under 35,549
2020-11-11T00:00:00Z,35 to 54,1000
2020-11-11T00:00:00Z,55 to 64,703
2020-11-11T00:00:00Z,65 and older,2554
